RANK	URL	PAGESPEED	YSLOW	ONLOAD	FULLY LOADED	REQUESTS	TOTAL SIZE
1	http://www.facebook.com/	92%	78%	5.6s	5.8s	43	906KB
2	http://www.yahoo.com/	42%	42%	28.1s	48.4s	405	2.28MB
3	http://www.live.com/	18%	91%	2.1s	2.7s	46	5.88MB
4	http://www.wikipedia.org/	97%	89%	1.4s	1.4s	7	65.8KB
5	http://www.msn.com/	66%	85%	2.5s	19.4s	234	2.98MB
6	http://www.microsoft.com/	52%	87%	2.5s	12.6s	195	1.02MB
7	http://www.blogspot.com/	80%	84%	2.5s	2.5s	63	1.92MB
8	http://www.baidu.com/	98%	88%	2.0s	2.3s	16	212KB
9	http://www.qq.com/	35%	47%	6.8s	18.0s	214	2.40MB
10	http://www.mozilla.com/	76%	84%	3.6s	3.6s	53	3.10MB
11	http://www.sina.com.cn/	40%	37%	12.8s	31.1s	396	3.56MB
12	http://www.wordpress.com/	72%	64%	2.2s	3.8s	86	667KB
13	http://www.bing.com/	73%	99%	377ms	3.4s	73	1.20MB
14	http://www.adobe.com/	21%	71%	3.2s	12.9s	207	4.11MB
15	http://www.163.com/	43%	37%	27.5s	47.8s	517	5.96MB
16	http://www.taobao.com/	68%	67%	10.3s	17.3s	135	2.17MB
17	http://www.soso.com/	90%	78%	5.0s	5.0s	29	172KB
18	http://www.twitter.com/	89%	93%	1.2s	2.2s	21	654KB
19	http://www.youku.com/	0%	58%	10.5s	26.7s	251	13.7MB
20	http://www.ask.com/	97%	92%	0.8s	0.9s	10	133KB
21	http://www.sohu.com/	36%	46%	19.5s	35.8s	495	5.82MB
22	http://www.amazon.com/	44%	79%	4.1s	24.1s	415	5.89MB
23	http://www.windows.com/	29%	58%	6.9s	21.8s	365	6.82MB
24	http://www.ebay.com/	28%	75%	2.9s	11.1s	270	3.01MB
25	http://www.yahoo.co.jp/	63%	61%	6.9s	8.2s	98	797KB
26	http://www.myspace.com/	22%	46%	7.3s	20.9s	305	5.76MB
27	http://www.apple.com/	78%	78%	2.7s	3.0s	50	959KB
28	http://www.tudou.com/	42%	62%	5.0s	5.0s	72	5.56MB
29	http://www.conduit.com/	67%	58%	4.0s	5.2s	75	783KB
30	http://www.hotmail.com/	18%	91%	2.6s	3.3s	46	5.88MB
31	http://www.flickr.com/	82%	86%	7.3s	13.2s	90	15.0MB
32	http://www.photobucket.com/	61%	45%	5.1s	5.5s	55	2.94MB
33	http://www.tianya.cn/	92%	74%	4.8s	5.9s	33	259KB
34	http://www.about.com/	54%	72%	5.7s	10.2s	82	4.58MB
35	http://www.cnet.com/	66%	67%	3.0s	19.7s	213	2.13MB
36	http://www.hao123.com/	56%	67%	11.4s	18.5s	131	1.78MB
37	http://www.iefxz.com/	61%	53%	15.9s		94	1.21MB
38	http://www.xunlei.com/	36%	77%	4.2s	5.1s	47	4.32MB
39	http://www.paypal.com/	77%	82%	2.8s	5.7s	63	1.59MB
40	http://www.rapidshare.com/	96%	95%	4.6s		8	1.03MB
41	http://www.go.com/	8%	53%	11.4s	23.1s	229	9.45MB
42	http://www.fc2.com/	81%	69%	2.4s	2.4s	43	609KB
43	http://www.bbc.co.uk/	29%	46%	16.5s	37.7s	395	2.61MB
44	http://www.imdb.com/	25%	60%	8.9s	19.1s	261	5.58MB
45	http://www.orkut.com/	91%	86%	1.2s	1.2s	15	1.01MB
46	http://www.sogou.com/	96%	79%	4.4s	4.4s	28	171KB
47	http://www.56.com/	5%	47%	16.7s	16.7s	478	12.8MB
48	http://www.aol.com/	30%	41%	21.3s	38.2s	457	4.02MB
49	http://www.craigslist.org/	82%	83%	1.4s	1.5s	11	161KB
50	http://www.rakuten.co.jp/	29%	50%	25.4s	27.2s	779	7.67MB
51	http://www.imageshack.us/	83%	73%	1.9s	2.0s	28	1.02MB
52	http://www.ku6.com/	30%	73%	32.0s	36.6s	77	3.56MB
53	http://www.blogger.com/	80%	84%	2.5s	2.5s	63	1.92MB
54	http://www.goo.ne.jp/	43%	47%	10.8s	11.3s	161	2.00MB
55	http://www.ifeng.com/	33%	37%	26.2s	44.6s	425	4.86MB
56	http://www.linkedin.com/	91%	92%	1.4s	2.4s	34	396KB
57	http://www.yandex.ru/	79%	76%	5.5s	15.1s	109	1.51MB
58	http://www.mail.ru/	39%	51%	33.2s	44.0s	401	2.67MB
59	http://www.partypoker.com/	55%	52%	8.6s	11.1s	124	4.21MB
60	http://www.megaupload.com/	91%	98%	0.6s		2	60.5KB
61	http://www.answers.com/	47%	62%	4.5s	24.7s	309	1.46MB
62	http://www.alibaba.com/	67%	54%	3.8s	4.3s	111	1.25MB
63	http://www.hi5.com/	87%	64%	3.1s	3.4s	51	636KB
64	http://www.cnn.com/	33%	44%	39.8s	59.6s	514	4.63MB
65	http://www.amazon.co.jp/	52%	83%	3.2s	8.7s	274	5.17MB
66	http://www.4shared.com/	72%	67%	5.1s	5.1s	125	857KB
67	http://www.ameblo.jp/	78%	80%	4.5s		98	4.23MB
68	http://www.gougou.com/	100%	97%	0.9s	0.9s	2	5.75KB
69	http://www.skype.com/	82%	85%	2.5s	3.4s	50	1.58MB
70	http://www.renren.com/	79%	63%	15.2s	15.2s	56	0.98MB
71	http://www.dailymotion.com/	49%	58%	30.7s	31.7s	468	9.22MB
72	http://www.naver.com/	56%	72%	3.3s	4.7s	91	1.97MB
73	http://www.weather.com/	70%	62%	5.4s	7.4s	86	1.57MB
74	http://www.mozilla.org/	83%	94%	1.4s	1.7s	37	806KB
75	http://www.mediafire.com/	76%	73%	4.4s	4.4s	66	764KB
76	http://www.bit.ly/	79%	75%	3.2s	4.6s	34	730KB
77	http://www.hp.com/	63%	51%	5.8s	6.4s	86	1.68MB
78	http://www.livedoor.jp/	73%	63%	7.1s	7.2s	60	604KB
79	http://www.ehow.com/	26%	54%	9.7s	13.1s	211	9.43MB
80	http://www.nifty.com/	40%	51%	14.5s	30.3s	364	4.55MB
81	http://www.vkontakte.ru/	82%	65%	5.2s	7.3s	49	1.10MB
82	http://www.alipay.com/	94%	95%	2.2s	2.2s	10	459KB
83	http://www.nytimes.com/	56%	69%	6.2s	27.0s	307	3.43MB
84	http://www.overture.com/	90%	80%	3.7s		115	919KB
85	http://www.sourceforge.net/	62%	50%	59.7s	68.3s	173	1.04MB
86	http://www.fbcdn.net/	87%	76%	6.1s	6.2s	44	906KB
87	http://www.xtendmedia.com/	100%	98%	217ms		1	0B
88	http://www.xinhuanet.com/	29%	49%	7.5s	26.6s	207	3.72MB
89	http://www.wikimedia.org/	97%	82%	0.9s	0.9s	19	215KB
90	http://www.pconline.com.cn/	58%	71%	5.9s	25.0s	75	1.31MB
91	http://www.daum.net/	54%	65%	6.2s	6.2s	101	1.34MB
92	http://www.4399.com/	88%	71%	5.0s	5.8s	86	683KB
93	http://www.bankofamerica.com/	72%	61%	9.9s	13.4s	106	1.64MB
94	http://www.ebay.de/	35%	71%	2.4s	12.5s	253	2.69MB
95	http://www.uol.com.br/	58%	53%	18.4s	39.1s	275	4.62MB
96	http://www.filestube.com/	33%	52%	12.1s	15.2s	278	9.02MB
97	http://www.zol.com.cn/	65%	61%	8.9s	27.1s	117	1.11MB
98	http://www.mop.com/	17%	47%	49.6s	50.5s	556	5.22MB
99	http://www.alexa.com/	54%	60%	7.0s	7.4s	147	3.55MB
100	http://www.biglobe.ne.jp/	62%	50%	14.8s	14.9s	147	1.14MB
101	http://www.brothersoft.com/	48%	55%	9.7s	27.2s	223	2.21MB
102	http://www.scribd.com/	72%	65%	5.9s	8.5s	95	2.53MB
103	http://www.softonic.com/	53%	55%	10.8s	13.8s	231	2.58MB
104	http://www.mapquest.com/	40%	74%	4.4s	29.7s	458	2.51MB
105	http://www.dell.com/	57%	58%	3.2s	15.6s	155	1.39MB
106	http://www.people.com.cn/	35%	57%	59.6s	59.6s	169	3.00MB
107	http://www.kaixin001.com/	65%	51%	11.0s	29.5s	115	1.16MB
108	http://www.geocities.jp/	70%	65%	6.1s	6.5s	59	876KB
109	http://www.ebay.co.uk/	27%	73%	3.0s	14.1s	245	2.97MB
110	http://www.hatena.ne.jp/	22%	38%	19.3s	23.3s	431	6.91MB
111	http://www.seesaa.net/	39%	44%	12.5s	20.4s	334	2.31MB
112	http://www.badoo.com/	83%	88%	4.2s	4.5s	27	631KB
113	http://www.megavideo.com/	91%	98%	0.6s		2	60.5KB
114	http://www.126.com/	85%	76%	5.8s	7.6s	38	430KB
115	http://www.paipai.com/	93%	87%	2.1s	3.7s	11	75.6KB
116	http://www.avg.com/	56%	55%	6.4s	7.3s	162	1.32MB
117	http://www.pps.tv/	20%	52%	10.9s	11.7s	319	15.0MB
118	http://www.odnoklassniki.ru/	78%	68%	5.4s	5.7s	69	0.98MB
119	http://www.free.fr/	83%	73%	4.2s	4.2s	34	767KB
120	http://www.mywebsearch.com/	88%	94%	0.9s		6	239KB
121	http://www.infoseek.co.jp/	30%	41%	14.4s	17.1s	228	2.46MB
122	http://www.zynga.com/	50%	75%	5.8s	5.9s	81	7.30MB
123	http://www.depositfiles.com/	65%	70%	5.0s	5.0s	18	733KB
124	http://www.metacafe.com/	72%	62%	5.3s	5.8s	90	1.36MB
125	http://www.chase.com/	71%	83%	1.4s	10.7s	132	4.39MB
126	http://www.thepiratebay.org/	99%	94%	3.0s	3.0s	5	37.2KB
127	http://www.kakaku.com/	49%	44%	9.4s	10.2s	191	1.89MB
128	http://www.cctv.com/	89%	97%	1.5s	1.5s	16	87.7KB
129	http://www.optmd.com/	88%	77%	0.5s	0.5s	8	28.5KB
130	http://www.hotfile.com/	82%	71%	3.6s	4.5s	33	0.98MB
131	http://www.com.com/	67%	71%	1.3s	1.4s	21	827KB
132	http://www.ning.com/	81%	66%	5.3s	6.2s	84	1.55MB
133	http://www.ocn.ne.jp/	49%	47%	9.3s	10.1s	144	1.45MB
134	http://www.vk.com/	79%	65%	4.3s	6.0s	49	1.10MB
135	http://www.game2.com.cn/	71%	52%	11.5s	11.5s	141	1.11MB
136	http://www.youdao.com/	83%	87%	5.1s	5.1s	47	3.30MB
137	http://www.getpersonas.com/	73%	96%	2.8s	2.8s	26	1.36MB
138	http://www.tripadvisor.com/	74%	89%	2.4s	7.2s	95	1.09MB
139	http://www.nate.com/	61%	65%	6.7s	26.9s	136	832KB
140	http://www.livejournal.com/	48%	51%	20.0s	25.1s	298	2.34MB
141	http://www.soufun.com/	72%	57%	20.9s	21.5s	115	1.42MB
142	http://www.zedo.com/	70%	67%	3.9s	4.2s	89	1.00MB
143	http://www.browserchoice.eu/	88%	98%	0.8s		4	1.37KB
144	http://www.thefreedictionary.com/	42%	55%	5.8s	19.6s	501	2.78MB
145	http://www.2ch.net/	95%	88%	1.3s	1.3s	18	482KB
146	http://www.tinypic.com/	18%	41%	14.8s	25.2s	636	2.96MB
147	http://www.java.com/	75%	81%	2.3s	5.1s	44	163KB
148	http://www.narod.ru/	82%	71%	6.1s	6.3s	51	1.02MB
149	http://www.xici.net/	4%	73%	16.2s	16.2s	155	11.4MB
150	http://www.walmart.com/	50%	55%	13.5s	26.6s	216	2.46MB
151	http://www.114la.com/	29%	57%	20.4s	22.2s	211	4.79MB
152	http://www.joy.cn/	19%	77%	8.4s	8.4s	78	3.92MB
153	http://www.addthis.com/	78%	68%	4.8s	6.3s	81	0.99MB
154	http://www.globo.com/	71%	52%	16.3s	17.8s	133	1.70MB
155	http://www.360.cn/	50%	84%	10.4s	10.4s	138	2.47MB
156	http://www.cocolog-nifty.com/	67%	56%	2.8s	2.8s	44	969KB
157	http://www.netflix.com/	80%	90%	2.0s	3.9s	65	1.55MB
158	http://www.target.com/	54%	66%	3.1s	20.0s	187	3.04MB
159	http://www.58.com/	84%	76%	3.2s	4.1s	68	1.31MB
160	http://www.cyworld.com/	69%	58%	7.7s	8.3s	143	5.03MB
161	http://www.unionsky.cn/	29%	46%	13.4s	13.4s	168	3.58MB
162	http://www.tom.com/	57%	71%	4.4s	5.2s	61	786KB
163	http://www.amazon.de/	39%	83%	2.9s	14.8s	356	6.42MB
164	http://www.netlog.com/	79%	87%	3.3s	6.4s	48	785KB
165	http://www.amazon.co.uk/	52%	81%	3.2s	23.0s	285	6.40MB
166	http://www.reference.com/	95%	91%	1.5s	1.6s	31	679KB
167	http://www.douban.com/	51%	61%	5.6s	6.6s	97	1.80MB
168	http://www.eastmoney.com/	49%	58%	7.3s	7.3s	139	1.36MB
169	http://www.livedoor.com/	74%	67%	2.7s	2.7s	44	493KB
170	http://www.hexun.com/	60%	49%	70.9s	70.9s	192	2.47MB
171	http://www.liveperson.net/	79%	89%	0.6s		7	30.6KB
172	http://www.7k7k.com/	66%	49%	6.8s	10.8s	158	1.57MB
173	http://www.miniclip.com/	59%	56%	5.5s	24.1s	156	3.02MB
174	http://www.so-net.ne.jp/	37%	37%	16.0s	19.4s	442	1.92MB
175	http://www.39.net/	35%	45%	22.0s	25.1s	333	2.09MB
176	http://www.nih.gov/	85%	62%	3.3s	3.5s	58	820KB
177	http://www.sakura.ne.jp/	36%	51%	6.5s	7.2s	159	3.14MB
178	http://www.rambler.ru/	27%	48%	22.0s	38.5s	523	3.04MB
179	http://www.reuters.com/	42%	52%	7.0s	26.9s	409	2.66MB
180	http://www.kugou.com/	82%	65%	5.0s	8.1s	64	619KB
181	http://www.mixi.jp/	61%	58%	3.2s	18.1s	106	1.49MB
182	http://www.terra.com.br/	51%	48%	10.9s	24.9s	398	2.69MB
183	http://www.tripod.com/	65%	62%	2.1s	2.1s	57	639KB
184	http://www.mcafee.com/	55%	55%	4.6s	5.0s	142	1.97MB
185	http://www.att.com/	58%	62%	5.3s	19.9s	210	3.17MB
186	http://www.weather.com.cn/	50%	61%	4.9s	5.7s	98	2.22MB
187	http://www.tagged.com/	84%	61%	2.6s	2.9s	54	645KB
189	http://www.2345.com/	67%	59%	12.6s	32.3s	104	1.09MB
190	http://www.zing.vn/	84%	84%	6.5s	6.5s	17	302KB
191	http://www.exblog.jp/	7%	49%	17.2s	17.3s	136	6.84MB
192	http://www.chinamobile.com/	96%	74%	7.3s	7.3s	22	116KB
193	http://www.expedia.com/	53%	51%	11.2s	31.0s	325	2.31MB
194	http://www.ameba.jp/	81%	67%	4.5s	5.2s	52	708KB
195	http://www.tinyurl.com/	64%	54%	92.2s	93.6s	111	442KB
196	http://www.chinanews.com.cn/	28%	48%	7.7s	10.8s	202	3.72MB
197	http://www.1stwebgame.com/	46%	58%	5.8s	5.8s	132	1.72MB
198	http://www.commentcamarche.net/	30%	50%	9.2s	26.3s	553	2.84MB
199	http://www.allabout.co.jp/	56%	52%	10.4s	25.4s	251	2.35MB
200	http://www.taringa.net/	51%	44%	17.6s	26.3s	271	2.24MB
201	http://www.nicovideo.jp/	65%	60%	6.2s	6.2s	141	1.69MB
202	http://www.domaintools.com/	66%	63%	4.3s	4.3s	44	0.97MB
203	http://www.jugem.jp/	79%	73%	1.6s		42	1.60MB
204	http://www.excite.co.jp/	21%	51%	14.4s	18.8s	292	3.25MB
205	http://www.autohome.com.cn/	58%	58%	8.8s	10.1s	257	2.92MB
206	http://www.typepad.com/	82%	72%	1.7s	1.9s	65	554KB
207	http://www.ezinearticles.com/	89%	81%	2.8s	2.8s	23	324KB
208	http://www.shopping.com/	60%	51%	8.1s	28.1s	191	1.17MB
209	http://www.deviantart.com/	29%	47%	18.4s	21.4s	425	3.13MB
211	http://www.marketgid.com/	37%	60%	6.7s	9.3s	98	3.57MB
212	http://www.ikea.com/	94%	84%	1.1s	1.2s	13	410KB
213	http://www.yomiuri.co.jp/	30%	39%	9.1s	10.3s	289	2.46MB
214	http://www.maktoob.com/	40%	39%	12.9s	14.4s	383	1.73MB
215	http://www.web.de/	43%	37%	17.8s	20.2s	315	2.97MB
216	http://www.informharry.com/	75%	72%	34.6s	34.6s	26	58.5KB
217	http://www.alimama.com/	69%	63%	9.5s	26.4s	101	3.05MB
218	http://www.ynet.com/	64%	65%	4.2s	5.0s	108	3.60MB
219	http://www.softpedia.com/	58%	50%	13.1s	13.8s	182	1.88MB
220	http://www.china.com/	65%	56%	5.5s	5.5s	112	1.27MB
221	http://www.6.cn/	52%	68%	6.2s	7.4s	145	3.47MB
222	http://www.5599.net/	66%	60%	12.7s	32.0s	109	1.18MB
223	http://www.cntv.cn/	89%	97%	1.9s	1.9s	17	88.7KB
224	http://www.booking.com/	65%	85%	5.7s	10.8s	133	4.11MB
225	http://www.orange.fr/	90%	64%	6.2s	16.8s	59	555KB
226	http://www.advmaker.ru/	70%	59%	4.7s	6.4s	65	1.34MB
227	http://www.verycd.com/	81%	65%	31.6s		127	913KB
228	http://www.multiply.com/	91%	78%	1.3s	1.3s	20	421KB
229	http://www.comcast.net/	66%	72%	2.6s	9.9s	159	2.13MB
230	http://www.ioage.com/	94%	84%	2.3s		10	54.5KB
231	http://www.skycn.com/	69%	68%	6.0s	6.8s	120	1.04MB
232	http://www.libero.it/	27%	45%	18.2s	38.0s	673	7.74MB
233	http://www.onet.pl/	52%	58%	4.6s	24.9s	432	3.91MB
234	http://www.rediff.com/	70%	55%	5.4s	7.2s	108	900KB
235	http://www.americanexpress.com/	68%	49%	5.0s	5.0s	131	1.66MB
236	http://www.dailymail.co.uk/	49%	42%	9.4s	28.9s	339	3.05MB
237	http://www.alot.com/	59%	56%	8.5s	8.9s	107	1.56MB
238	http://www.nasza-klasa.pl/	63%	47%	10.5s	28.5s	200	1.10MB
239	http://www.pchome.net/	47%	63%	7.5s	8.3s	161	2.30MB
240	http://www.51job.com/	81%	78%	4.0s	6.6s	68	609KB
241	http://www.okwave.jp/	66%	54%	9.7s	10.6s	130	1.11MB
242	http://www.70yx.com/	62%	61%	5.2s	6.1s	46	1.03MB
243	http://www.rakuten.ne.jp/	100%	62%	5.5s		283	1.97MB
244	http://www.nikkeibp.co.jp/	22%	46%	4.8s	5.1s	133	9.22MB
245	http://www.mlb.com/	55%	48%	7.6s	24.3s	240	3.16MB
246	http://www.huffingtonpost.com/	16%	58%	4.6s	22.1s	569	6.32MB
247	http://www.bestbuy.com/	82%	59%	2.3s	20.2s	66	867KB
248	http://www.freelotto.com/	71%	67%	3.2s	3.2s	60	743KB
249	http://www.yahoo.net/	49%	43%	9.6s	27.0s	307	2.30MB
250	http://www.docstoc.com/	82%	76%	2.0s	2.0s	37	656KB
251	http://www.csdn.net/	42%	62%	8.5s	9.3s	133	3.65MB
252	http://www.digg.com/	72%	53%	3.9s	4.7s	109	1.12MB
253	http://www.macromedia.com/	21%	68%	2.7s	8.6s	194	4.08MB
254	http://www.tumblr.com/	24%	62%	4.3s	9.5s	140	6.05MB
255	http://www.twitpic.com/	97%	93%	1.2s	2.2s	20	653KB
256	http://www.impress.co.jp/	58%	64%	4.5s	4.5s	81	2.95MB
257	http://www.foxsports.com/	52%	51%	7.0s	10.5s	225	3.43MB
258	http://www.wikia.com/	60%	62%	3.3s	5.3s	154	1.65MB
259	http://www.t-online.de/	33%	46%	14.1s	23.9s	305	2.27MB
260	http://www.verizonwireless.com/	68%	54%	5.7s	11.7s	143	2.07MB
261	http://www.justin.tv/	54%	70%	7.1s	7.4s	118	2.67MB
262	http://www.ups.com/	70%	61%	3.6s	4.8s	70	1.45MB
263	http://www.wp.pl/	43%	54%	17.9s	17.9s	329	7.21MB
264	http://www.docin.com/	63%	67%	6.6s	25.3s	79	874KB
265	http://www.pdfqueen.com/	93%	78%	1.1s	1.1s	20	263KB
266	http://www.dangdang.com/	79%	66%	97.1s	97.1s	102	1.70MB
267	http://www.focus.cn/	38%	46%	8.9s	9.7s	156	3.85MB
268	http://www.nextag.com/	87%	70%	1.5s	1.9s	35	1.94MB
269	http://www.ziddu.com/	56%	58%	3.9s	3.9s	54	1.57MB
270	http://www.hubpages.com/	72%	91%	4.7s	4.9s	99	842KB
271	http://www.kioskea.net/	38%	52%	17.9s	37.6s	466	3.63MB
272	http://www.babylon.com/	89%	74%	1.4s	1.4s	19	686KB
273	http://www.last.fm/	56%	48%	7.7s	11.5s	192	3.49MB
274	http://www.wellsfargo.com/	67%	74%	4.1s	6.6s	67	0.96MB
275	http://www.gmx.net/	50%	36%	16.8s	17.0s	335	2.36MB
276	http://www.friendster.com/	97%	97%	1.5s	1.5s	2	140KB
277	http://www.wsj.com/	50%	42%	20.7s	30.9s	287	5.39MB
278	http://www.slideshare.net/	91%	86%	4.9s	5.8s	42	672KB
279	http://www.foxnews.com/	30%	48%	14.4s	19.6s	401	3.29MB
280	http://www.ganji.com/	83%	67%	5.0s	5.2s	73	857KB
281	http://www.iza.ne.jp/	37%	44%	14.5s	14.8s	307	2.10MB
282	http://www.51.com/	53%	59%	6.8s	7.6s	160	4.14MB
283	http://www.metrolyrics.com/	39%	62%	1.6s	19.2s	514	2.39MB
284	http://www.yesky.com/	63%	66%	5.4s	6.2s	112	1.56MB
285	http://www.usps.com/	87%	69%	4.9s	6.2s	95	2.53MB
286	http://www.alisoft.com/	83%	70%	5.1s	7.3s	57	687KB
287	http://www.mainichi.jp/	32%	41%	15.3s	17.1s	430	4.09MB
288	http://www.irs.gov/	77%	74%	3.1s	13.1s	53	1.35MB
289	http://www.bigpoint.com/	80%	70%	5.5s	21.5s	89	2.59MB
290	http://www.china.com.cn/	42%	46%	11.5s	13.4s	188	6.39MB
291	http://www.iciba.com/	71%	52%	15.2s	18.3s	71	883KB
292	http://www.hulu.com/	59%	54%	5.9s	8.7s	136	3.65MB
293	http://www.gmarket.co.kr/	64%	62%	4.7s	24.8s	139	1.26MB
294	http://www.tabelog.com/	69%	59%	6.1s	6.1s	120	1.95MB
295	http://www.gamespot.com/	36%	51%	5.9s	25.2s	447	2.73MB
296	http://www.symantec.com/	50%	44%	7.3s	8.7s	213	1.28MB
297	http://www.nokia.com/	66%	51%	3.8s	5.3s	116	2.30MB
298	http://www.pcpop.com/	66%	79%	3.8s	12.1s	34	813KB
299	http://www.dion.ne.jp/	56%	39%	10.4s	29.7s	179	2.16MB
300	http://www.torrentz.com/	100%	98%	0.8s	0.8s	4	8.29KB
301	http://www.pptv.com/	59%	60%	6.3s	7.2s	167	2.08MB
302	http://www.telegraph.co.uk/	21%	34%	9.9s	30.2s	625	5.44MB
303	http://www.duowan.com/	63%	49%	6.5s	8.8s	202	3.26MB
304	http://www.joins.com/	62%	57%	6.5s	6.5s	168	8.12MB
305	http://www.wordreference.com/	96%	87%	0.5s	0.5s	7	35.9KB
306	http://www.peeplo.com/	85%	71%	4.3s		31	607KB
307	http://www.ign.com/	24%	47%	18.3s	38.7s	749	5.24MB
308	http://www.huanqiu.com/	20%	54%	12.0s	14.4s	137	8.54MB
309	http://www.aweber.com/	81%	63%	3.5s	9.2s	87	1.61MB
310	http://www.guardian.co.uk/	37%	49%	18.5s	37.2s	397	4.09MB
311	http://www.samsung.com/	67%	58%	3.1s	5.5s	107	1.61MB
312	http://www.skyrock.com/	48%	63%	5.7s	23.8s	196	1.72MB
313	http://www.sun.com/	72%	62%	4.0s	5.3s	57	831KB
314	http://www.the2009.cn/	66%	81%	8.9s		23	124KB
315	http://www.musica.com/	65%	52%	5.0s	6.4s	112	1.08MB
316	http://www.icq.com/	60%	76%	5.1s	5.2s	13	1.53MB
317	http://www.allegro.pl/	55%	48%	9.1s	10.5s	197	2.43MB
318	http://www.virgilio.it/	33%	46%	16.0s	36.1s	527	5.31MB
319	http://www.nhk.or.jp/	40%	59%	5.3s	5.3s	130	3.34MB
320	http://www.linekong.com/	85%	65%	5.6s	11.3s	54	2.68MB
321	http://www.hudong.com/	84%	79%	3.7s	5.0s	35	473KB
322	http://www.comcast.com/	61%	72%	3.7s	10.7s	185	2.17MB
323	http://www.pcauto.com.cn/	52%	64%	7.4s	9.8s	132	2.01MB
324	http://www.sponichi.co.jp/	26%	40%	14.9s	15.5s	355	2.64MB
325	http://www.isohunt.com/	82%	71%	3.3s	4.3s	33	0.98MB
326	http://www.springerlink.com/	75%	64%	3.5s	18.4s	61	910KB
327	http://www.traviangames.com/	76%	80%	6.5s	6.5s	48	6.84MB
328	http://www.zimbio.com/	35%	53%	10.0s	27.1s	461	5.18MB
329	http://www.robtex.com/	55%	53%	5.7s	25.2s	225	1.41MB
330	http://www.wretch.cc/	44%	35%	15.4s	21.6s	455	3.39MB
331	http://www.japanpost.jp/	61%	66%	4.5s	4.9s	114	2.40MB
332	http://www.onlinedown.net/	50%	50%	6.6s	9.2s	70	1.28MB
333	http://www.godaddy.com/	65%	91%	1.9s	11.9s	185	1.28MB
334	http://www.vimeo.com/	54%	43%	9.4s	17.5s	305	5.63MB
335	http://www.qidian.com/	75%	60%	6.8s	8.2s	91	1.72MB
336	http://www.mapion.co.jp/	51%	47%	11.0s	13.0s	306	2.02MB
337	http://www.washingtonpost.com/	27%	53%	5.5s	24.8s	371	2.85MB
338	http://www.118114.cn/	63%	62%	8.3s	8.6s	38	1.35MB
339	http://www.ieaddons.com/	83%	77%	10.2s		66	688KB
340	http://www.rockyou.com/	81%	64%	5.1s	5.8s	131	2.59MB
341	http://www.wikimapia.org/	80%	65%	6.1s	10.0s	110	1.94MB
342	http://www.jiayuan.com/	51%	59%	5.3s	5.3s	104	2.23MB
343	http://www.sanspo.com/	27%	42%	20.1s	24.1s	445	2.57MB
344	http://www.whitepages.com/	59%	54%	5.9s	6.2s	143	859KB
345	http://www.yelp.com/	65%	81%	5.6s	5.6s	104	1.55MB
346	http://www.real.com/	95%	96%	0.7s	1.6s	41	629KB
347	http://www.bizrate.com/	56%	46%	5.7s	13.7s	162	1.79MB
348	http://www.formspring.me/	83%	97%	3.6s	3.6s	12	414KB
349	http://www.amazon.cn/	61%	65%	7.3s	10.6s	167	2.54MB
350	http://www.hc360.com/	56%	58%	11.1s	12.4s	389	5.90MB
351	http://www.17173.com/	60%	68%	17.2s	19.7s	178	2.16MB
352	http://www.ineedfile.com/	92%	78%	1.6s	1.7s	23	277KB
353	http://www.360buy.com/	52%	67%	6.8s	9.1s	77	2.03MB
354	http://www.8684.cn/	62%	51%	12.0s	30.5s	129	0.96MB
355	http://www.pplive.com/	59%	60%	6.4s	7.2s	168	2.08MB
356	http://www.over-blog.com/	27%	51%	10.4s	11.8s	269	4.64MB
357	http://www.baixaki.com.br/	36%	48%	40.6s	52.7s	670	4.56MB
358	http://www.beemp3.com/	96%	86%	2.4s	2.6s	18	614KB
359	http://www.cnzz.com/	56%	58%	6.6s	9.2s	164	3.14MB
360	http://www.usatoday.com/	30%	47%	17.0s	35.0s	560	4.24MB
361	http://www.yahooapis.com/	86%	91%	2.2s		29	211KB
362	http://www.tenpay.com/	92%	83%	13.9s		25	472KB
363	http://www.asahi.com/	16%	43%	12.1s	23.1s	360	3.81MB
364	http://www.surveymonkey.com/	77%	56%	3.4s	4.2s	95	450KB
365	http://www.21cn.com/	70%	56%	3.4s	3.4s	94	952KB
366	http://www.nba.com/	25%	40%	26.8s	45.5s	774	3.71MB
367	http://www.informer.com/	93%	74%	1.0s	1.0s	13	120KB
368	http://www.intuit.com/	65%	64%	2.1s	6.8s	135	2.34MB
369	http://www.sparkstudios.com/	91%	82%	4.8s	4.8s	29	401KB
370	http://www.letitbit.net/	100%	97%	0.9s	2.1s	11	290KB
371	http://www.plala.or.jp/	36%	48%	6.2s	6.7s	131	5.32MB
372	http://www.homedepot.com/	51%	62%	2.0s	12.4s	214	2.48MB
373	http://www.ctrip.com/	53%	68%	3.5s	8.8s	139	2.50MB
374	http://www.opera.com/	89%	72%	2.0s	2.4s	37	374KB
375	http://www.37cs.com/	82%	80%	1.3s	2.7s	41	1.34MB
376	http://www.jiji.com/	42%	44%	11.8s	13.4s	278	1.76MB
377	http://www.ucoz.ru/	82%	64%	4.8s	5.7s	64	2.67MB
378	http://www.webmd.com/	41%	44%	13.4s	29.5s	339	2.61MB
379	http://www.sonico.com/	84%	93%	2.8s	6.4s	47	786KB
380	http://www.avast.com/	71%	55%	5.0s	5.4s	93	1.53MB
381	http://www.linternaute.com/	54%	51%	8.1s	13.6s	228	4.00MB
382	http://www.letv.com/	34%	45%	13.0s	32.5s	240	7.19MB
383	http://www.ip138.com/	95%	94%	2.1s	2.1s	5	43.8KB
384	http://www.careerbuilder.com/	76%	66%	6.8s	12.0s	91	1.08MB
385	http://www.ibm.com/	54%	49%	9.4s	20.4s	163	2.71MB
386	http://www.associatedcontent.com/	50%	44%	10.7s	28.4s	337	2.24MB
387	http://www.gnavi.co.jp/	40%	51%	6.3s	7.1s	150	1.95MB
388	http://www.rincondelvago.com/	36%	50%	11.1s	16.1s	391	1.22MB
389	http://www.indiatimes.com/	77%	53%	6.9s	27.4s	307	7.95MB
390	http://www.ddmap.com/	64%	66%	31.6s		98	835KB
391	http://www.veoh.com/	16%	69%	1.4s	22.0s	552	1.47MB
392	http://www.dtiblog.com/	74%	74%	0.6s	0.6s	13	322KB
393	http://www.zylom.com/	72%	54%	4.3s	18.7s	106	1.98MB
394	http://www.monografias.com/	80%	55%	2.7s	3.5s	61	777KB
395	http://www.auction.co.kr/	57%	54%	4.4s	4.7s	147	1.78MB
396	http://www.fedex.com/	73%	76%	0.9s	2.0s	63	291KB
397	http://www.liveinternet.ru/	56%	43%	8.5s	11.6s	113	1.19MB
398	http://www.koubei.com/	76%	91%	3.6s	3.9s	19	794KB
399	http://www.leboncoin.fr/	65%	55%	4.3s	7.6s	115	605KB
400	http://www.game2.cn/	70%	55%	6.6s	10.1s	135	1.09MB
401	http://www.suite101.com/	99%	95%	0.8s		10	163KB
402	http://www.squidoo.com/	72%	90%	9.0s	9.0s	99	849KB
403	http://www.teacup.com/	80%	64%	2.3s	2.4s	44	808KB
404	http://www.windowslive.com/	93%	97%	1.7s		9	50.9KB
405	http://www.addictinggames.com/	72%	54%	4.5s	10.1s	188	3.28MB
406	http://www.filehippo.com/	31%	40%	14.0s	14.1s	411	2.12MB
407	http://www.sdo.com/	50%	64%	13.1s	13.1s	86	6.04MB
409	http://www.ustream.tv/	49%	48%	6.3s	20.2s	231	12.7MB
410	http://www.tistory.com/	81%	72%	3.0s	3.0s	41	935KB
411	http://www.115.com/	89%	75%	9.4s	9.4s	23	878KB
412	http://www.liutilities.com/	73%	55%	3.6s	3.8s	71	551KB
413	http://www.jalan.net/	9%	51%	10.5s	18.5s	535	6.11MB
414	http://www.webs.com/	76%	67%	2.5s	2.8s	73	958KB
415	http://www.naqigs.com/	100%	98%	341ms	342ms	2	8.14KB
416	http://www.ccb.com.cn/	98%	96%	2.3s	2.6s	4	53.8KB
417	http://www.it168.com/	51%	62%	6.0s	6.8s	100	2.84MB
418	http://www.etology.com/	24%	54%	4.7s	5.0s	144	8.31MB
419	http://www.everesttech.net/	21%	68%	3.4s	14.3s	205	4.10MB
420	http://www.intelius.com/	82%	64%	3.0s	3.6s	62	535KB
421	http://www.sina.com/	81%	65%	2.5s	22.6s	75	611KB
422	http://www.pomoho.com/	70%	68%	5.3s	8.8s	38	1.53MB
423	http://www.serving-sys.com/	84%	98%	0.6s	0.6s	2	167KB
424	http://www.sciencedirect.com/	85%	66%	2.6s	3.0s	53	830KB
425	http://www.ccbill.com/	65%	62%	2.3s	3.1s	59	465KB
426	http://www.incredimail.com/	80%	62%	2.2s	2.8s	44	1.69MB
427	http://www.capitalone.com/	70%	53%	3.6s	5.7s	81	1.46MB
428	http://www.yellowpages.com/	80%	60%	3.0s	3.4s	65	888KB
429	http://www.geocities.co.jp/	70%	65%	4.2s	4.6s	59	877KB
430	http://www.ebay.it/	37%	69%	2.4s	13.3s	207	2.09MB
431	http://www.glispa.com/	32%	53%	92.3s	92.6s	71	3.21MB
432	http://www.hotels.com/	61%	61%	3.2s	6.9s	160	1.55MB
433	http://www.opendns.com/	38%	55%	2.7s	3.7s	85	3.56MB
434	http://www.engadget.com/	28%	38%	26.5s	38.2s	703	5.53MB
435	http://www.chosun.com/	23%	48%	8.9s	9.0s	276	5.12MB
436	http://www.y8.com/	75%	65%	5.2s	6.2s	110	2.21MB
437	http://www.ourtoolbar.com/	86%	76%	0.7s	0.7s	17	64.7KB
438	http://www.oricon.co.jp/	48%	48%	11.7s	13.0s	237	1.89MB
439	http://www.downloadhelper.net/	99%	93%	0.9s	1.0s	21	463KB
440	http://www.oyunlar1.com/	64%	63%	3.9s	7.1s	188	1.53MB
441	http://www.vector.co.jp/	69%	63%	4.2s	4.2s	66	3.82MB
442	http://www.cmbchina.com/	52%	60%	3.8s	3.8s	96	1.06MB
443	http://www.farmville.com/	84%	73%	2.8s	3.0s	50	946KB
444	http://www.120ask.com/	52%	68%	7.2s	8.0s	161	2.03MB
445	http://www.chip.de/	65%	47%	8.2s	9.2s	159	1.81MB
446	http://www.atwiki.jp/	65%	67%	3.0s	3.1s	48	1.13MB
447	http://www.zhaopin.com/	67%	56%	9.1s	10.0s	85	926KB
448	http://www.unkar.org/	99%	99%	108ms		1	541B
449	http://www.freeonlinegames.com/	64%	61%	6.7s	6.8s	205	2.19MB
450	http://www.wordpress.org/	86%	71%	2.2s	2.2s	43	1.44MB
451	http://www.latimes.com/	17%	52%	5.2s	25.5s	650	4.44MB
452	http://www.fotolog.com/	41%	59%	4.7s	5.2s	178	2.19MB
453	http://www.fastbrowsersearch.com/	91%	90%	0.7s	0.7s	17	289KB
454	http://www.mp3raid.com/	83%	68%	2.5s	2.9s	38	819KB
455	http://www.pagesjaunes.fr/	76%	56%	6.6s	12.6s	75	1.00MB
456	http://www.boston.com/	34%	55%	7.1s	21.0s	590	3.56MB
457	http://www.mobile.de/	47%	52%	12.2s	15.5s	254	2.60MB
459	http://www.5d6d.com/	75%	79%	9.7s		46	170KB
460	http://www.aufeminin.com/	38%	67%	3.4s	22.9s	379	2.92MB
461	http://www.wikihow.com/	72%	88%	2.8s	4.4s	82	3.59MB
462	http://www.11st.co.kr/	52%	59%	8.7s	23.3s	181	1.96MB
463	http://www.yaplog.jp/	54%	47%	5.6s	5.7s	124	2.40MB
464	http://www.passport.net/	51%	91%	2.9s		16	29.7KB
465	http://www.merriam-webster.com/	53%	43%	10.2s	12.5s	239	1.87MB
466	http://www.itmedia.co.jp/	70%	50%	7.8s	8.6s	194	2.00MB
467	http://www.cookpad.com/	62%	66%	5.3s	9.7s	139	1.39MB
468	http://www.mercadolivre.com.br/	89%	92%	1.1s	5.3s	110	1.78MB
469	http://www.tu.tv/	26%	49%	9.2s	28.6s	545	1.71MB
470	http://www.wauee.com/	84%	61%	7.3s	7.3s	35	693KB
471	http://www.priceline.com/	61%	69%	5.4s	11.8s	191	1.88MB
472	http://www.zshare.net/	66%	82%	0.7s		10	49.4KB
473	http://www.cooliris.com/	91%	87%	1.2s	2.4s	10	75.2KB
474	http://www.qunar.com/	59%	44%	12.8s	13.7s	128	2.01MB
475	http://www.ryanair.com/	61%	50%	12.4s	14.6s	160	3.29MB
476	http://www.interia.pl/	66%	64%	4.9s	14.9s	248	2.26MB
477	http://www.ig.com.br/	61%	55%	5.9s	15.6s	307	2.66MB
478	http://www.monster.com/	69%	58%	3.5s	6.3s	100	790KB
479	http://www.archive.org/	68%	69%	2.2s	2.2s	46	808KB
480	http://www.alice.it/	82%	64%	9.0s		207	725KB
481	http://www.xinmin.cn/	1%	61%	8.3s	9.2s	114	8.71MB
482	http://www.fixya.com/	93%	71%	1.4s	1.9s	36	704KB
483	http://www.nikkansports.com/	28%	41%	7.7s	8.7s	210	2.89MB
484	http://www.funshion.com/	79%	75%	5.3s	6.1s	69	1.28MB
485	http://www.vnet.cn/	54%	56%	93.0s	93.0s	141	780KB
486	http://www.sears.com/	57%	71%	2.5s	20.1s	288	1.81MB
487	http://www.bild.de/	33%	40%	11.6s	14.5s	336	3.31MB
488	http://www.ebay.fr/	42%	72%	6.0s	11.7s	169	2.34MB
489	http://www.iminent.com/	67%	69%	3.0s	3.0s	87	3.74MB
490	http://www.uploading.com/	100%	96%	1.1s	1.1s	3	218KB
491	http://www.baofeng.com/	65%	56%	3.3s	4.2s	57	1.15MB
492	http://www.1ting.com/	64%	51%	10.6s	12.7s	141	944KB
493	http://www.macys.com/	35%	47%	6.6s	18.1s	277	3.10MB
494	http://www.kuwo.cn/	67%	60%	23.8s	24.9s	59	2.20MB
495	http://www.bitauto.com/	49%	49%	18.6s	19.1s	284	2.85MB
496	http://www.tiexue.net/	30%	50%	82.6s	85.8s	374	5.28MB
497	http://www.mpnrs.com/	100%	97%	0.8s	0.8s	2	8.23KB
498	http://www.nowdownloadall.com/	94%	81%	2.3s	2.3s	24	721KB
499	http://www.southwest.com/	63%	47%	4.7s	4.9s	77	857KB
500	http://www.ce.cn/	70%	67%	3.6s	4.4s	47	2.00MB
501	http://www.in.com/	68%	52%	14.4s	14.5s	176	4.92MB
502	http://www.allrecipes.com/	37%	49%	6.2s	25.0s	331	2.53MB
503	http://www.novoteka.ru/	53%	50%	6.5s	7.2s	91	327KB
504	http://www.travelocity.com/	53%	44%	7.7s	17.5s	348	3.02MB
505	http://www.people.com/	0%	44%	12.8s	33.3s	1125	8.44MB
506	http://www.timesonline.co.uk/	24%	48%	18.9s	38.7s	631	5.96MB
507	http://www.dealtime.com/	76%	60%	3.8s	4.8s	88	724KB
508	http://www.ticketmaster.com/	40%	47%	6.7s	18.2s	390	4.39MB
509	http://www.mtv.com/	70%	52%	4.5s	6.3s	128	1.10MB
510	http://www.gazeta.pl/	47%	40%	12.2s	32.3s	250	4.26MB
511	http://www.bin-layer.de/	92%	76%	1.5s	1.6s	24	278KB
512	http://www.9wee.com/	79%	75%	3.7s	3.7s	33	1.04MB
513	http://www.donga.com/	38%	44%	6.5s	6.5s	206	2.42MB
514	http://www.lowes.com/	90%	74%	1.9s	2.5s	16	212KB
515	http://www.fanpop.com/	44%	55%	5.8s	26.0s	203	3.65MB
516	http://www.cnxad.com/	78%	60%	25.9s	25.9s	47	1.24MB
517	http://www.angelfire.com/	71%	64%	2.1s	2.1s	48	490KB
518	http://www.blackberry.com/	61%	69%	3.7s	5.0s	54	2.34MB
519	http://www.01net.com/	47%	47%	14.8s	17.4s	306	2.51MB
520	http://www.wunderground.com/	31%	42%	53.1s	72.3s	538	3.25MB
521	http://www.news.cn/	29%	49%	6.2s	25.6s	209	3.73MB
523	http://www.sapo.pt/	73%	54%	4.9s	5.1s	105	1.11MB
524	http://www.deviantart.net/	49%	64%	6.7s		217	9.6MB
525	http://www.nydailynews.com/	28%	62%	4.6s	24.7s	671	5.07MB
526	http://www.mtime.com/	91%	70%	6.5s		26	605KB
527	http://www.univision.com/	31%	64%	4.0s	22.9s	491	3.25MB
528	http://www.sfr.fr/	48%	50%	9.0s	11.3s	240	2.52MB
529	http://www.winamp.com/	76%	67%	2.5s	2.5s	46	916KB
530	http://www.webshots.com/	36%	50%	14.3s	16.4s	132	3.87MB
531	http://www.enet.com.cn/	19%	69%	5.3s	5.3s	28	4.31MB
532	http://www.made-in-china.com/	93%	73%	3.2s	3.7s	41	590KB
533	http://www.constantcontact.com/	62%	61%	3.1s	8.7s	145	1.26MB
534	http://www.examiner.com/	45%	47%	5.9s	8.2s	128	2.35MB
535	http://www.pandora.tv/	6%	52%	14.8s	16.3s	293	9.24MB
536	http://www.abril.com.br/	49%	57%	5.8s	7.1s	127	2.12MB
537	http://www.indeed.com/	86%	91%	0.8s	2.6s	23	216KB
538	http://www.overstock.com/	64%	72%	4.3s	9.6s	215	3.66MB
539	http://www.xywy.com/	35%	58%	7.2s	7.2s	115	3.62MB
540	http://www.gizmodo.com/	22%	40%	17.4s	32.1s	470	5.17MB
541	http://www.wiktionary.org/	84%	78%	1.3s	1.4s	22	126KB
542	http://www.shinobi.jp/	78%	60%	4.8s	4.8s	59	693KB
543	http://www.pandora.com/	100%	99%	212ms	232ms	2	11.1KB
544	http://www.dianping.com/	89%	75%	3.1s	4.3s	45	499KB
545	http://www.repubblica.it/	66%	61%	5.2s	5.7s	97	1.09MB
546	http://www.360doc.com/	49%	60%	5.6s	6.4s	120	1.40MB
547	http://www.duote.com/	64%	61%	6.4s	7.2s	81	532KB
548	http://www.176.com/	75%	58%	6.1s	6.9s	61	463KB
549	http://www.intel.com/	62%	71%	2.2s	7.5s	112	3.12MB
550	http://www.accountonline.com/	54%	43%	4.7s	23.0s	243	1.72MB
551	http://www.aibang.com/	86%	69%	32.1s	32.9s	51	636KB
552	http://www.altervista.org/	81%	68%	3.6s	4.4s	41	804KB
553	http://www.rapid-downloads.com/	94%	81%	2.4s	2.4s	24	721KB
554	http://www.xe.com/	49%	47%	8.3s	9.7s	189	1.82MB
555	http://www.pixnet.net/	58%	58%	7.1s		179	4.45MB
556	http://www.wareseeker.com/	72%	69%	1.7s	14.3s	41	436KB
557	http://www.ebuddy.com/	88%	79%	2.0s	2.0s	34	1.15MB
558	http://www.radikal.ru/	20%	40%	19.6s	29.0s	349	2.95MB
559	http://www.webgame.com.cn/	35%	67%	9.6s		165	2.08MB
560	http://www.jcpenney.com/	65%	64%	6.1s	21.4s	260	2.84MB
561	http://www.armorgames.com/	45%	55%	10.3s	11.0s	230	2.37MB
562	http://www.information.com/	91%	84%	1.6s	1.6s	16	751KB
563	http://www.downloadcave.com/	83%	78%	3.4s	23.3s	35	102KB
564	http://www.orbitz.com/	59%	52%	6.9s	13.8s	289	4.74MB
565	http://www.ca.gov/	48%	66%	2.8s	3.3s	81	3.65MB
566	http://www.zaycev.net/	52%	48%	12.3s	27.7s	195	1.87MB
567	http://www.imvu.com/	68%	63%	4.0s	4.0s	85	3.82MB
568	http://www.rian.ru/	26%	35%	13.5s	16.9s	309	13.4MB
569	http://www.usagc.org/	96%	90%	2.2s	2.2s	7	95.5KB
570	http://www.metroflog.com/	66%	82%	4.8s	6.1s	55	2.14MB
571	http://www.medicinenet.com/	100%	67%	5.7s		185	1.04MB
572	http://www.classmates.com/	61%	51%	2.2s	16.8s	172	1.18MB
573	http://www.windowsmedia.com/	69%	63%	6.5s	7.5s	74	1.15MB
574	http://www.detik.com/	48%	53%	9.5s	10.7s	263	3.28MB
575	http://www.mk.co.kr/	33%	61%	4.5s	5.0s	158	2.89MB
576	http://www.microsofttranslator.com/	88%	70%	1.1s	2.2s	43	518KB
577	http://www.verizon.net/	53%	48%	4.3s	7.4s	162	2.31MB
578	http://www.cartoonnetwork.com/	62%	58%	4.4s	5.4s	169	1.90MB
579	http://www.mt.co.kr/	15%	48%	6.1s	6.1s	156	7.78MB
580	http://www.fangeye.com/	81%	75%	6.0s	6.0s	36	264KB
581	http://www.rr.com/	96%	97%	409ms	411ms	4	82.5KB
582	http://www.fresheye.com/	62%	46%	4.0s	6.0s	100	737KB
583	http://www.sweetim.com/	51%	67%	6.4s		45	951KB
584	http://www.stumbleupon.com/	53%	67%	2.5s	7.1s	137	2.40MB
585	http://www.myvideo.de/	71%	54%	8.8s	10.8s	100	2.16MB
586	http://www.hotpepper.jp/	59%	59%	3.1s	7.0s	146	687KB
587	http://www.pcgames.com.cn/	82%	69%	6.3s	16.6s	73	2.24MB
588	http://www.costco.com/	66%	52%	9.0s	9.3s	107	2.97MB
589	http://www.uploaded.to/	84%	71%	2.2s	2.7s	26	417KB
590	http://www.xiaonei.com/	79%	62%	11.4s	11.4s	57	0.98MB
591	http://www.24h.com.vn/	59%	51%	12.2s	12.2s	161	1.53MB
592	http://www.cncmax.cn/	100%	99%	0.5s		1	505B
593	http://www.mafiawars.com/	88%	74%	2.9s	2.9s	60	1.18MB
594	http://www.priceminister.com/	28%	48%	7.1s	21.3s	439	4.23MB
595	http://www.w3.org/	61%	88%	1.8s	1.8s	41	688KB
596	http://www.nhaccuatui.com/	67%	56%	10.6s	10.7s	128	3.09MB
597	http://www.vnexpress.net/	23%	41%	56.9s	77.9s	1033	7.27MB
598	http://www.foxnetworks.com/	86%	91%	2.3s	2.3s	47	8.24MB
599	http://www.freakshare.net/	76%	78%	1.5s	1.5s	31	86.3KB
600	http://www.rutracker.org/	31%	40%	14.4s	34.1s	425	2.29MB
601	http://www.elmundo.es/	11%	48%	25.9s	34.3s	862	4.77MB
602	http://www.torrentreactor.net/	100%	100%	468ms	494ms	1	755B
603	http://www.best-price.com/	87%	60%	3.0s	5.2s	67	445KB
604	http://www.nasa.gov/	67%	67%	5.4s	6.8s	95	6.54MB
605	http://www.mdinfo.com/	72%	77%	2.0s		42	206KB
606	http://www.limewire.com/	100%	100%	239ms	297ms	1	617B
607	http://www.wer-kennt-wen.de/	39%	43%	27.3s	43.3s	311	3.35MB
608	http://www.nikkei.com/	31%	36%	18.3s	20.1s	304	2.98MB
609	http://www.51seer.com/	83%	67%	7.4s	10.9s	44	1.86MB
610	http://www.gap.com/	52%	65%	5.9s	25.2s	271	2.72MB
611	http://www.wiley.com/	56%	62%	5.1s	5.7s	106	2.28MB
612	http://www.time.com/	8%	40%	22.8s	42.9s	1025	5.18MB
613	http://www.elsevier.com/	75%	51%	4.1s	4.9s	91	1.01MB
614	http://www.howstuffworks.com/	56%	53%	4.2s	12.9s	241	1.42MB
615	http://www.agame.com/	59%	53%	7.0s	24.1s	267	2.70MB
616	http://www.che168.com/	64%	70%	7.4s	8.2s	149	2.42MB
617	http://www.corriere.it/	28%	51%	8.0s	23.6s	292	3.85MB
618	http://www.xorg.pl/	90%	64%	4.0s	4.0s	31	674KB
619	http://www.wachovia.com/	67%	74%	2.7s	3.6s	67	0.96MB
620	http://www.thesun.co.uk/	31%	43%	14.2s	27.8s	436	2.80MB
621	http://www.girlsgogames.com/	66%	56%	8.7s	13.2s	206	2.19MB
622	http://www.piriform.com/	83%	61%	3.5s	4.3s	70	1.10MB
623	http://www.chinaren.com/	90%	95%	2.4s	2.4s	12	32.8KB
624	http://www.rbc.ru/	34%	39%	13.7s	18.2s	328	5.48MB
625	http://www.spiegel.de/	44%	48%	19.5s	38.1s	362	3.91MB
626	http://www.tbs.co.jp/	67%	65%	3.7s	3.7s	79	703KB
627	http://www.europa.eu/	87%	73%	3.3s	3.6s	26	143KB
628	http://www.btjunkie.org/	91%	98%	1.2s		2	3.27KB
629	http://www.vancl.com/	41%	72%	7.8s	8.1s	240	7.88MB
630	http://www.citibank.com/	47%	43%	6.0s	11.1s	229	2.09MB
631	http://www.clubpenguin.com/	68%	70%	2.6s	7.1s	80	3.16MB
632	http://www.verizon.com/	41%	55%	2.0s	5.1s	100	2.53MB
633	http://www.forbes.com/	43%	51%	8.5s	11.4s	270	1.14MB
634	http://www.huanlang.com/	64%	65%	5.8s	6.7s	59	617KB
635	http://www.delta.com/	41%	53%	6.9s	22.8s	212	3.37MB
636	http://www.sky.com/	56%	53%	6.0s	10.2s	156	5.31MB
637	http://www.nikkei.co.jp/	31%	36%	12.3s	13.4s	328	3.01MB
638	http://www.norton.com/	57%	48%	4.7s	17.6s	203	1.89MB
639	http://www.rapid4me.com/	95%	83%	3.8s	4.3s	20	343KB
640	http://www.seznam.cz/	40%	45%	10.8s	16.1s	208	1.54MB
641	http://www.zoosk.com/	86%	91%	1.9s	3.5s	36	800KB
642	http://www.jstor.org/	83%	66%	3.8s	3.9s	45	817KB
643	http://www.19lou.com/	75%	61%	9.6s	10.6s	100	6.34MB
644	http://www.juegos.com/	49%	51%	11.0s	20.7s	324	2.48MB
645	http://www.easyjet.com/	38%	59%	7.8s	9.0s	149	4.17MB
646	http://www.hyves.nl/	89%	88%	3.1s	3.1s	10	388KB
647	http://www.cbsnews.com/	39%	84%	1.9s	20.8s	487	2.82MB
648	http://www.yoka.com/	46%	64%	7.7s	8.5s	194	8.73MB
649	http://www.mylife.com/	78%	56%	6.0s	6.8s	69	1.17MB
650	http://www.jrj.com.cn/	38%	44%	8.8s	9.7s	237	3.36MB
651	http://www.xmarks.com/	91%	74%	1.7s	1.7s	27	327KB
652	http://www.businessweek.com/	35%	37%	18.2s	33.1s	474	5.17MB
653	http://www.partypoker.it/	72%	63%	3.5s	3.5s	31	514KB
654	http://www.shop-pro.jp/	69%	54%	4.4s	5.9s	104	1.35MB
655	http://www.taleo.net/	62%	52%	5.3s	6.2s	99	935KB
656	http://www.dantri.com.vn/	41%	43%	17.7s	37.7s	349	3.13MB
657	http://www.ovi.com/	98%	97%	0.7s		17	1.17MB
658	http://www.pcworld.com/	33%	50%	14.8s	32.2s	443	2.96MB
659	http://www.xcar.com.cn/	35%	52%	11.8s	14.6s	209	3.54MB
660	http://www.chinaz.com/	46%	64%	26.7s		109	3.28MB
661	http://www.nike.com/	57%	63%	5.2s	10.7s	138	2.38MB
662	http://www.ya.ru/	87%	79%	4.8s	5.0s	22	170KB
663	http://www.picnik.com/	94%	87%	0.7s	0.7s	11	69.6KB
664	http://www.pchome.com.tw/	50%	46%	5.1s	5.1s	185	1.74MB
665	http://www.with2.net/	99%	92%	0.8s	0.8s	4	19.8KB
666	http://www.pogo.com/	49%	46%	10.8s	19.2s	299	3.21MB
667	http://www.fanbox.com/	100%	86%	1.4s		37	718KB
668	http://www.95599.cn/	62%	62%	4.6s	4.6s	74	2.49MB
669	http://www.evite.com/	53%	51%	7.1s	11.6s	219	2.14MB
670	http://www.159game.com/	70%	72%	10.5s		127	2.40MB
671	http://www.hankooki.com/	23%	47%	10.4s	10.4s	238	5.43MB
672	http://www.stayfriends.de/	67%	51%	4.2s	6.6s	119	706KB
673	http://www.mozilla-europe.org/	83%	90%	2.7s	2.7s	37	804KB
674	http://www.gutefrage.net/	76%	70%	6.2s	6.2s	61	944KB
675	http://www.logmein.com/	74%	86%	2.1s	7.2s	84	2.00MB
676	http://www.break.com/	42%	54%	3.3s	23.8s	331	2.10MB
677	http://www.paran.com/	38%	58%	6.2s	6.2s	54	3.96MB
678	http://www.mercadolibre.com.mx/	87%	92%	1.2s	6.3s	118	2.80MB
679	http://www.wrzuta.pl/	49%	55%	7.2s	25.6s	455	4.65MB
680	http://www.blogcu.com/	77%	48%	7.6s	9.6s	103	684KB
681	http://www.winzip.com/	67%	68%	2.1s	2.4s	65	466KB
682	http://www.bahn.de/	48%	54%	8.2s	8.9s	186	1.79MB
683	http://www.topshareware.com/	81%	68%	1.6s	1.6s	33	451KB
684	http://www.acer.com/	75%	57%	3.6s	3.7s	108	3.04MB
685	http://www.mynet.com/	65%	50%	8.9s	29.2s	208	3.20MB
686	http://www.urbandictionary.com/	61%	54%	7.2s	8.1s	191	3.35MB
687	http://www.sanook.com/	62%	49%	14.0s	24.1s	226	3.30MB
688	http://www.rayfile.com/	73%	66%	3.2s	3.2s	26	241KB
689	http://www.usenet.nl/	66%	68%	6.4s	6.4s	32	705KB
690	http://www.encyclopedia.com/	74%	46%	6.5s	6.5s	124	718KB
691	http://www.imagevenue.com/	100%	100%	377ms	485ms	1	594B
692	http://www.qip.ru/	58%	50%	12.1s	31.6s	270	2.19MB
693	http://www.discovery.com/	33%	54%	7.9s	13.7s	180	3.37MB
694	http://www.yam.com/	52%	77%	3.1s	12.8s	197	1.58MB
695	http://www.265.com/	68%	60%	4.1s	5.1s	100	716KB
696	http://www.mashable.com/	29%	48%	13.2s	33.5s	580	3.33MB
697	http://www.me.com/	97%	96%	1.5s	7.5s	43	1.55MB
698	http://www.yandex.ua/	75%	65%	7.3s	14.3s	123	1.96MB
699	http://www.foodnetwork.com/	39%	39%	13.7s	18.3s	306	5.75MB
700	http://www.freewebs.com/	76%	67%	3.0s	3.3s	74	959KB
701	http://www.sonyericsson.com/	69%	60%	4.4s	4.5s	84	920KB
702	http://www.61.com/	68%	71%	4.7s	5.6s	76	3.06MB
703	http://www.articlesbase.com/	62%	67%	4.4s	4.4s	59	1.32MB
704	http://www.ct10000.com/	100%	98%	3.3s		3	13.3KB
705	http://www.mufg.jp/	46%	61%	4.2s	4.2s	100	1.36MB
706	http://www.xrea.com/	53%	59%	4.2s	5.4s	114	2.01MB
707	http://www.chinacars.com/	55%	73%	23.7s		82	1.40MB
708	http://www.cri.cn/	67%	65%	7.3s	9.5s	112	1.41MB
709	http://www.movies-links.tv/	90%	87%	2.1s	2.2s	29	247KB
710	http://www.match.com/	67%	53%	3.5s	5.0s	87	662KB
711	http://www.blogbus.com/	99%	86%	3.7s	4.5s	10	57.6KB
712	http://www.livescore.com/	51%	51%	9.1s	10.7s	183	838KB
713	http://www.zhcw.com/	65%	46%	7.3s	7.3s	67	911KB
714	http://www.ebay.com.au/	18%	76%	3.1s	10.5s	176	4.76MB
715	http://www.istockphoto.com/	55%	68%	2.5s	22.8s	193	1.78MB
716	http://www.speedtest.net/	25%	49%	17.7s	36.1s	651	3.06MB
717	http://www.windowslivehelp.com/	79%	77%	9.4s		50	526KB
718	http://www.sprint.com/	62%	53%	5.9s	12.5s	177	1.82MB
719	http://www.superpages.com/	92%	70%	2.6s	4.3s	47	1.19MB
720	http://www.infospace.com/	70%	65%	2.4s	2.4s	21	537KB
721	http://www.accuweather.com/	37%	46%	16.4s	36.6s	450	3.49MB
722	http://www.doctissimo.fr/	49%	52%	11.1s	14.8s	267	3.43MB
723	http://www.openv.com/	86%	83%	3.2s		36	214KB
724	http://www.msn.com.cn/	61%	80%	1.6s	3.9s	82	671KB
725	http://www.t-mobile.com/	52%	53%	7.2s	22.2s	258	3.32MB
726	http://www.tuenti.com/	96%	89%	3.5s	3.5s	22	324KB
727	http://www.tmz.com/	30%	43%	11.3s	27.3s	627	7.52MB
728	http://www.otto.de/	62%	66%	2.5s	10.7s	125	1.45MB
729	http://www.gemius.pl/	81%	65%	2.7s	3.1s	52	596KB
730	http://www.shoplocal.com/	56%	50%	4.1s	4.3s	108	1.76MB
731	http://www.barnesandnoble.com/	59%	49%	6.4s	10.4s	206	2.31MB
732	http://www.pclady.com.cn/	56%	69%	4.3s	16.8s	114	3.08MB
733	http://www.ninemsn.com.au/	60%	62%	93.8s	93.9s	58	1.26MB
734	http://www.wanfangdata.com.cn/	37%	48%	6.0s	6.8s	104	3.69MB
735	http://www.51fswd.com/	91%	97%	1.3s		2	3.91KB
736	http://www.programas-gratis.net/	89%	64%	5.0s	6.1s	69	684KB
737	http://www.pronto.com/	96%	90%	0.8s	0.8s	11	143KB
738	http://www.baixing.com/	94%	80%	3.4s	4.2s	28	305KB
739	http://www.worldstarhiphop.com/	46%	51%	6.7s	7.2s	162	1.86MB
740	http://www.yahoo.com.tw/	57%	35%	13.5s	23.1s	383	3.45MB
741	http://www.cnki.com.cn/	37%	61%	7.9s	7.9s	95	653KB
742	http://www.w3schools.com/	92%	81%	1.5s	1.6s	32	461KB
743	http://www.unlimited-downloads.biz/	95%	84%	2.5s	2.5s	18	270KB
744	http://www.qq163.com/	74%	69%	3.3s	4.1s	50	533KB
745	http://www.carview.co.jp/	99%	92%	0.9s	0.9s	5	27.5KB
746	http://www.zjol.com.cn/	59%	63%	9.8s	10.2s	82	3.44MB
747	http://www.bebo.com/	15%	95%	1.4s	4.0s	51	8.40MB
748	http://www.delicious.com/	44%	66%	2.5s	2.5s	62	1.57MB
749	http://www.hinet.net/	42%	57%	7.6s	27.1s	721	7.57MB
750	http://www.buzzle.com/	89%	82%	1.6s	2.1s	28	563KB
751	http://www.schuelervz.net/	97%	86%	0.9s	0.9s	8	41.0KB
752	http://www.nationalgeographic.com/	52%	51%	6.9s	11.8s	225	7.17MB
753	http://www.local.com/	50%	71%	2.6s	22.2s	88	2.55MB
754	http://www.tv.com/	0%	41%	10.8s	31.2s	858	10.4MB
755	http://www.kaskus.us/	94%	87%	3.3s	3.6s	13	43.6KB
756	http://www.etsy.com/	71%	85%	3.0s	4.6s	87	1.50MB
757	http://www.eastday.com/	13%	52%	98.4s	98.4s	227	5.73MB
758	http://www.shumenol.com/	62%	53%	10.7s	12.0s	75	1.64MB
759	http://www.sendspace.com/	88%	67%	2.1s	2.1s	36	741KB
760	http://www.citysearch.com/	93%	85%	1.4s	1.4s	27	276KB
761	http://www.zaobao.com/	52%	55%	8.2s	11.4s	246	3.23MB
762	http://www.ed.gov/	64%	56%	2.4s	2.4s	44	817KB
763	http://www.irctc.co.in/	72%	64%	5.5s	5.9s	57	950KB
764	http://www.downtr.net/	92%	77%	1.9s	1.9s	25	302KB
765	http://www.laredoute.fr/	87%	61%	4.0s	4.2s	65	0.98MB
766	http://www.playstation.com/	42%	49%	6.4s	10.2s	253	5.36MB
767	http://www.elpais.com/	32%	41%	24.1s	39.4s	536	2.84MB
768	http://www.utorrent.com/	57%	40%	2.7s	3.5s	107	974KB
769	http://www.blogmura.com/	45%	46%	4.6s	5.9s	113	1.19MB
770	http://www.mapbar.com/	83%	73%	6.3s	7.1s	52	306KB
771	http://www.readnovel.com/	75%	77%	5.4s	6.8s	74	1.33MB
772	http://www.m1905.com/	79%	70%	7.4s	8.2s	31	1.87MB
773	http://www.marriott.com/	58%	52%	5.6s	16.5s	146	3.10MB
774	http://www.popeater.com/	34%	43%	12.9s	20.3s	396	3.23MB
775	http://www.jsoftj.com/	45%	61%	15.0s	15.0s	141	1.25MB
776	http://www.tweetmeme.com/	88%	79%	1.2s	1.2s	9	341KB
777	http://www.hm.com/	88%	90%	1.2s	1.5s	12	405KB
778	http://www.travelzoo.com/	74%	58%	3.7s	4.5s	75	1.54MB
779	http://www.torrentdownloads.net/	83%	71%	4.2s	4.2s	71	487KB
780	http://www.izlesene.com/	57%	57%	9.4s	10.3s	161	5.09MB
781	http://www.studivz.net/	73%	55%	3.9s	4.9s	82	498KB
782	http://www.hilton.com/	42%	40%	8.7s	23.8s	277	2.09MB
783	http://www.vietbao.vn/	62%	49%	32.6s	32.6s	241	3.72MB
784	http://www.kayak.com/	57%	75%	4.0s	18.8s	223	2.45MB
785	http://www.zappos.com/	62%	87%	2.8s	5.2s	125	1.70MB
786	http://www.realtor.com/	64%	61%	2.8s	5.6s	114	1.36MB
787	http://www.oadz.com/	62%	60%	6.6s	6.6s	50	1.69MB
788	http://www.123people.com/	94%	87%	4.3s		29	1.04MB
789	http://www.abchina.com/	63%	64%	7.9s	7.9s	74	2.49MB
790	http://www.hurra.com/	54%	56%	5.6s	5.9s	105	1.37MB
791	http://www.slide.com/	90%	95%	0.7s		4	2.94KB
792	http://www.allexperts.com/	90%	74%	1.6s	2.9s	29	377KB
793	http://www.aa.com/	55%	50%	7.6s	10.9s	166	1.79MB
794	http://www.uuu9.com/	31%	46%	13.1s	13.1s	339	4.45MB
795	http://www.symantecstore.com/	51%	48%	5.2s	17.3s	208	1.90MB
796	http://www.cricinfo.com/	62%	64%	6.7s	26.6s	219	3.65MB
797	http://www.52pk.com/	33%	67%	7.9s	8.7s	209	7.38MB
798	http://www.go2000.com/	83%	86%	10.8s		42	154KB
799	http://www.searchignite.com/	99%	100%	167ms		1	268B
800	http://www.chinadaily.com.cn/	26%	63%	3.8s	3.8s	75	3.24MB
801	http://www.newegg.com/	46%	44%	7.2s	14.5s	289	3.23MB
802	http://www.timeanddate.com/	68%	55%	4.9s	6.1s	133	708KB
803	http://www.direct.gov.uk/	91%	91%	1.6s	1.6s	26	454KB
804	http://www.pctools.com/	52%	47%	4.7s	19.2s	254	2.24MB
805	http://www.27.cn/	77%	60%	6.1s	6.1s	20	384KB
806	http://www.tgbus.com/	20%	53%	11.5s	11.5s	177	4.97MB
807	http://www.fc2web.com/	68%	72%	0.7s	0.7s	28	87.3KB
808	http://www.mozdev.org/	80%	70%	1.2s	1.2s	34	235KB
809	http://www.marca.com/	30%	39%	19.2s	31.7s	643	3.03MB
810	http://www.udn.com/	39%	48%	7.5s	9.5s	208	2.78MB
811	http://www.amazon.fr/	52%	82%	3.4s	23.6s	323	6.22MB
812	http://www.weblio.jp/	51%	52%	5.1s	10.8s	210	1.30MB
813	http://www.changyou.com/	90%	73%	3.8s	3.8s	29	676KB
814	http://www.daily.co.jp/	28%	40%	17.9s	21.9s	590	2.64MB
815	http://www.thefind.com/	84%	81%	1.2s		38	553KB
816	http://www.nttdocomo.co.jp/	47%	56%	5.0s	7.1s	201	1.00MB
817	http://www.kohls.com/	36%	52%	3.6s	24.4s	469	2.79MB
818	http://www.walkerplus.com/	52%	50%	5.8s	6.5s	155	2.35MB
819	http://www.babycenter.com/	59%	52%	5.9s	8.2s	202	1.29MB
820	http://www.ow.ly/	59%	55%	4.5s	5.7s	112	626KB
821	http://www.webgame188.com/	87%	85%	10.0s		53	1.02MB
822	http://www.toocle.com/	88%	81%	12.3s	12.3s	8	120KB
823	http://www.webcrawler.com/	100%	97%	0.7s	0.8s	8	20.1KB
824	http://www.stackoverflow.com/	76%	64%	2.4s	18.5s	72	804KB
825	http://www.ekolay.net/	20%	48%	10.5s	29.4s	761	6.57MB
826	http://www.kuronekoyamato.co.jp/	65%	73%	2.0s	2.0s	22	1.40MB
827	http://www.vzw.com/	67%	55%	5.9s	13.0s	144	2.08MB
828	http://www.buzznet.com/	38%	56%	4.4s	16.4s	198	6.08MB
829	http://www.wetter.com/	46%	40%	13.9s	15.2s	345	2.05MB
830	http://www.dospy.com/	19%	73%	4.2s	4.2s	133	5.50MB
831	http://www.fidelity.com/	61%	62%	1.9s	6.8s	131	1.11MB
832	http://www.gismeteo.ru/	74%	59%	7.2s	14.7s	137	0.98MB
833	http://www.ft.com/	72%	54%	5.9s	20.3s	129	1.30MB
834	http://www.freedownloadscenter.com/	67%	83%	2.2s	2.2s	51	731KB
835	http://www.smarter.co.jp/	86%	74%	2.1s		77	763KB
836	http://www.bidders.co.jp/	87%	70%	1.1s	1.1s	18	105KB
837	http://www.tesco.com/	90%	70%	3.6s	6.8s	44	1.39MB
838	http://www.azlyrics.com/	43%	42%	10.6s	12.3s	388	1.48MB
839	http://www.legacy.com/	17%	75%	4.4s	7.0s	120	4.61MB
840	http://www.tf1.fr/	50%	49%	8.9s	12.0s	213	2.09MB
841	http://www.nhl.com/	56%	48%	13.6s	28.3s	232	3.31MB
842	http://www.mycom.co.jp/	43%	68%	4.3s	5.2s	114	2.50MB
843	http://www.rtl.de/	39%	44%	23.3s	37.1s	330	3.46MB
844	http://www.hankyung.com/	19%	49%	11.2s	24.3s	206	3.94MB
845	http://www.edeng.cn/	62%	72%	9.1s	12.2s	39	926KB
846	http://www.immobilienscout24.de/	67%	54%	10.6s	12.5s	138	1.46MB
847	http://www.gigazine.net/	63%	53%	8.3s	9.1s	111	1.21MB
848	http://www.marketwatch.com/	44%	39%	27.4s	47.4s	453	2.98MB
849	http://www.xuite.net/	51%	62%	8.0s	22.8s	176	2.11MB
850	http://www.techcrunch.com/	36%	39%	19.7s	36.5s	600	3.73MB
851	http://www.inowdownload.com/	96%	79%	2.1s	2.1s	19	265KB
852	http://www.kooora.com/	59%	58%	6.4s	10.5s	230	2.20MB
853	http://www.zdnet.com/	41%	86%	2.1s	21.7s	424	3.93MB
854	http://www.causes.com/	70%	66%	3.4s	4.4s	74	1.87MB
855	http://www.imagebam.com/	74%	69%	1.5s	1.5s	20	271KB
856	http://www.thesaurus.com/	50%	51%	14.7s	27.4s	296	2.32MB
857	http://www.boc.cn/	61%	74%	33.7s	33.7s	73	732KB
858	http://www.kapook.com/	12%	43%	42.7s	43.5s	971	9.01MB
859	http://www.argos.co.uk/	60%	57%	3.8s	13.4s	166	2.65MB
860	http://www.kp.ru/	26%	41%	30.2s	46.0s	532	3.92MB
861	http://www.uniblue.com/	66%	63%	3.0s	3.9s	111	1.14MB
862	http://www.boosj.com/	49%	51%	10.1s	19.1s	123	2.88MB
863	http://www.meebo.com/	96%	86%	1.5s	1.5s	20	401KB
864	http://www.redtram.com/	88%	70%	3.5s	3.6s	25	620KB
865	http://www.qianlong.com/	33%	44%	12.4s	18.0s	241	6.58MB
866	http://www.top100.cn/	64%	61%	14.6s	14.6s	98	1.69MB
867	http://www.ancestry.com/	65%	90%	2.3s	6.7s	170	1.13MB
868	http://www.pricegrabber.com/	82%	64%	1.6s	14.2s	46	883KB
869	http://www.pkr.com/	96%	85%	0.9s	0.9s	7	23.1KB
870	http://www.php.net/	95%	82%	1.0s	1.5s	28	677KB
871	http://www.ea.com/	54%	60%	9.5s	11.0s	113	4.94MB
872	http://www.rutube.ru/	73%	69%	6.2s	7.9s	109	4.45MB
873	http://www.qingdaonews.com/	0%	52%	11.6s	12.5s	193	11.9MB
874	http://www.sbs.co.kr/	49%	49%	4.6s	4.7s	88	2.71MB
875	http://www.shvoong.com/	79%	89%	1.9s	2.1s	28	231KB
876	http://www.ilike.com/	18%	45%	6.5s	25.1s	374	6.04MB
877	http://www.kaspersky.com/	58%	90%	1.5s	18.6s	189	1.83MB
878	http://www.bigfishgames.com/	59%	68%	2.3s	4.2s	92	1.84MB
879	http://www.xing.com/	91%	79%	3.7s	6.3s	40	430KB
880	http://www.taotao.com/	100%	100%	0.5s	0.6s	1	1.53KB
881	http://www.sing365.com/	77%	55%	6.9s	6.9s	79	476KB
882	http://www.51mole.com/	94%	68%	37.0s		75	7.73MB
883	http://www.tweetphoto.com/	69%	80%	48.6s		165	4.02MB
884	http://www.bloomberg.com/	46%	52%	18.7s	38.3s	310	4.43MB
885	http://www.newhua.com/	0%	61%	9.9s	9.9s	102	11.3MB
886	http://www.2000y.net/	92%	77%	44.0s	44.1s	27	492KB
887	http://www.asiae.co.kr/	54%	52%	6.0s	6.0s	126	2.67MB
888	http://www.aolnews.com/	30%	41%	28.9s	45.7s	436	4.01MB
889	http://www.bdr130.net/	100%	98%	307ms		1	1.28KB
890	http://www.picktorrent.com/	71%	53%	5.8s	7.0s	47	448KB
891	http://www.pixmania.com/	94%	93%	2.6s	3.3s	13	568KB
892	http://www.wired.com/	26%	46%	10.8s	30.9s	606	5.68MB
893	http://www.juchang.com/	72%	75%	7.3s	27.0s	177	18.8MB
894	http://www.vatgia.com/	71%	55%	11.7s	12.0s	80	2.90MB
895	http://www.divx.com/	69%	58%	4.9s	4.9s	45	1.56MB
896	http://www.ana.co.jp/	34%	56%	6.5s	11.0s	310	2.20MB
897	http://www.fandango.com/	39%	51%	8.4s	24.4s	296	2.53MB
898	http://www.seoul.co.kr/	16%	50%	11.2s	11.3s	185	4.60MB
899	http://www.appspot.com/	86%	96%	1.6s	1.6s	12	96.2KB
900	http://www.fetion.com.cn/	73%	61%	9.4s	10.2s	48	29.6MB
901	http://www.bandoo.com/	74%	60%	2.4s	2.4s	63	3.26MB
902	http://www.city-data.com/	70%	55%	3.0s	3.0s	95	1.50MB
903	http://www.wisegeek.com/	89%	72%	1.7s	2.2s	39	814KB
904	http://www.ocnk.net/	29%	46%	7.5s	10.1s	159	6.08MB
905	http://www.hunantv.com/	67%	61%	7.8s	8.1s	105	4.53MB
906	http://www.kijiji.ca/	69%	51%	11.0s	30.4s	196	3.34MB
907	http://www.cnki.net/	53%	70%	15.6s	18.8s	61	1.31MB
908	http://www.panasonic.jp/	26%	49%	4.2s	8.5s	187	4.79MB
909	http://www.allocine.fr/	51%	83%	1.9s	21.4s	271	1.90MB
910	http://www.chinahr.com/	78%	69%	4.4s	5.7s	89	1.42MB
911	http://www.emagister.com/	38%	66%	4.3s	8.4s	208	2.28MB
912	http://www.manta.com/	90%	67%	8.0s		147	4.26MB
913	http://www.rayli.com.cn/	14%	53%	15.5s	15.5s	245	14.0MB
914	http://www.asahi-net.or.jp/	89%	82%	3.7s	3.7s	47	1.64MB
915	http://www.dreamstime.com/	88%	68%	3.1s	3.7s	77	0.99MB
916	http://www.lastminute.com/	62%	63%	4.2s	10.0s	182	2.77MB
917	http://www.nick.com/	46%	53%	13.2s	15.7s	263	9.6MB
918	http://www.deezer.com/	74%	71%	3.4s	4.4s	64	1.56MB
919	http://www.bohelady.com/	90%	72%	12.0s		161	2.37MB
920	http://www.esmas.com/	33%	45%	11.1s	16.2s	348	2.93MB
921	http://www.vente-privee.com/	80%	77%	2.2s	3.8s	31	1.27MB
922	http://www.lyricsmode.com/	58%	57%	4.1s	18.0s	248	1.43MB
923	http://www.findarticles.com/	90%	74%	1.1s	2.4s	25	909KB
924	http://www.47news.jp/	28%	42%	14.4s	16.1s	272	2.97MB
925	http://www.staples.com/	92%	93%	1.3s	1.3s	13	51.6KB
926	http://www.songs.pk/	86%	76%	3.8s	4.6s	62	949KB
927	http://www.bomb-mp3.com/	73%	81%	9.7s		153	1.38MB
928	http://www.cqvip.com/	72%	66%	5.6s	6.4s	65	680KB
929	http://www.autoscout24.de/	67%	66%	4.4s	8.6s	134	1.78MB
930	http://www.victoriassecret.com/	80%	52%	6.6s	9.4s	131	3.34MB
931	http://www.acrobat.com/	48%	57%	5.2s	11.1s	219	1.97MB
932	http://www.national-lottery.co.uk/	68%	52%	6.4s	6.4s	120	943KB
933	http://www.mayoclinic.com/	79%	66%	2.1s	3.3s	59	1.58MB
934	http://www.zillow.com/	75%	86%	2.1s	7.8s	120	1.82MB
935	http://www.onemanga.com/	100%	99%	0.7s	0.7s	3	38.6KB
936	http://www.playsushi.com/	90%	90%	1.4s	1.5s	47	745KB
937	http://www.answerbag.com/	73%	63%	3.4s	4.6s	97	1.07MB
938	http://www.ukr.net/	72%	49%	6.2s	7.9s	116	1.44MB
939	http://www.citicards.com/	54%	43%	4.8s	23.5s	240	1.66MB
940	http://www.kaixin.com/	94%	84%	6.3s	6.3s	54	425KB
941	http://www.ju51.com/	52%	57%	9.8s	9.8s	86	2.68MB
942	http://www.kbs.co.kr/	48%	58%	4.5s	5.0s	114	6.26MB
943	http://www.toysrus.com/	39%	60%	22.4s	40.7s	344	5.85MB
944	http://www.freshwap.net/	98%	97%	474ms		4	92.9KB
945	http://www.vertor.com/	79%	73%	2.1s	2.1s	31	330KB
946	http://www.mahalo.com/	11%	70%	5.4s	8.0s	114	28.6MB
947	http://www.hurriyet.com.tr/	22%	48%	9.1s	27.7s	738	6.90MB
948	http://www.mercadolibre.com.ar/	89%	92%	1.3s	6.5s	118	2.47MB
949	http://www.bearshare.com/	99%	95%	1.7s	1.7s	3	2.16MB
950	http://www.zdface.com/	0%	59%	73.1s	73.1s	155	9.7MB
951	http://www.shangdu.com/	58%	70%	3.1s	3.3s	48	3.52MB
952	http://www.barbie.com/	27%	64%	5.0s	8.2s	125	4.59MB
953	http://www.interpark.com/	6%	45%	17.0s	31.3s	497	44.6MB
954	http://www.mizuhobank.co.jp/	48%	58%	6.6s	6.7s	140	2.04MB
955	http://www.hotwire.com/	73%	53%	8.7s	10.2s	119	1.47MB
956	http://www.kompas.com/	47%	47%	78.0s	78.2s	252	2.36MB
957	http://www.1link.ru/	53%	76%	4.4s		35	509KB
958	http://www.rising.com.cn/	57%	62%	7.3s	8.1s	41	1.71MB
959	http://www.blurtit.com/	88%	75%	3.5s	3.7s	115	0.97MB
960	http://www.newgrounds.com/	70%	65%	11.1s	11.1s	159	2.41MB
961	http://www.mundoanuncio.com/	52%	82%	0.8s	8.7s	93	738KB
962	http://www.marktplaats.nl/	93%	88%	3.2s	3.2s	9	153KB
963	http://www.ringtonematcher.com/	78%	74%	4.0s	4.0s	21	188KB
964	http://www.goal.com/	32%	39%	16.0s	32.8s	442	3.66MB
965	http://www.xs8.cn/	78%	76%	6.0s	7.4s	75	1.26MB
966	http://www.mthai.com/	76%	56%	13.8s	13.8s	268	7.85MB
967	http://www.clarin.com/	57%	59%	3.7s	13.7s	244	1.90MB
968	http://www.openoffice.org/	85%	76%	0.7s	0.7s	25	127KB
969	http://www.ciao.de/	35%	51%	8.0s	8.0s	328	1.73MB
970	http://www.jal.co.jp/	34%	50%	4.5s	8.9s	213	3.51MB
971	http://www.lyrics007.com/	93%	80%	2.3s	2.3s	26	348KB
972	http://www.ovguide.com/	68%	69%	9.8s	10.7s	95	530KB
973	http://www.ultimate-guitar.com/	57%	76%	2.7s	17.5s	298	1.37MB
974	http://www.mobile01.com/	46%	42%	11.6s	27.3s	296	5.05MB
975	http://www.vdisk.cn/	84%	77%	2.8s	2.8s	18	414KB
976	http://www.buy.com/	62%	65%	13.2s	19.6s	240	2.32MB
977	http://www.computerbild.de/	42%	51%	15.6s	17.3s	348	4.53MB
978	http://www.usgs.gov/	79%	64%	4.5s	5.2s	38	3.48MB
979	http://www.te3p.com/	94%	83%	489ms	490ms	7	76.5KB
980	http://www.cooks.com/	76%	61%	3.3s	4.1s	73	623KB
981	http://www.mcssl.com/	66%	53%	3.1s	4.0s	89	514KB
982	http://www.reverso.net/	44%	47%	12.5s	21.1s	333	1.36MB
983	http://www.merchantcircle.com/	91%	72%	2.1s	2.1s	34	1.17MB
984	http://www.tiancity.com/	54%	72%	11.2s	11.2s	106	3.35MB
985	http://www.dropbox.com/	86%	61%	5.8s	8.6s	187	2.30MB
986	http://www.yfrog.com/	79%	72%	2.9s	3.0s	29	1.01MB
987	http://www.tiscali.it/	12%	39%	28.5s	41.3s	719	6.52MB
988	http://www.xbox.com/	48%	53%	4.1s	9.8s	251	4.52MB
989	http://www.easy-share.com/	95%	80%	2.1s	2.1s	20	269KB
990	http://www.autotrader.com/	52%	49%	5.8s	9.9s	195	1.49MB
991	http://www.gotomeeting.com/	67%	67%	4.4s	5.8s	99	2.02MB
992	http://www.download-gate.com/	96%	84%	1.9s	1.9s	14	134KB
993	http://www.nfl.com/	47%	49%	14.2s	33.8s	304	2.17MB
994	http://www.experts-exchange.com/	84%	60%	4.3s	4.5s	61	1.00MB
995	http://www.cool.ne.jp/	53%	62%	12.0s		123	2.33MB
996	http://www.fx120.net/	72%	67%	7.2s	8.0s	70	1.31MB
997	http://www.ntv.co.jp/	34%	47%	6.7s	9.5s	157	5.67MB
998	http://www.meinvz.net/	61%	55%	5.2s	25.3s	137	0.99MB
999	http://www.king.com/	85%	82%	4.6s	4.6s	72	3.43MB
1000	http://www.virginmedia.com/	63%	54%	3.4s	15.0s	111	2.16MB
1001	http://www.google.com/	90%	94%	3.4s	4.0s	20	695KB
1002	http://www.youtube.com/	57%	71%	10.1s	30.3s	135	4.41MB
